parameter,value
N,100
alpha,0.05
l,0.01
node_index_python,1
node_index_human,2
i_max,1.1
di,0.01
flux_values,8.0;8.05;8.100000000000001;8.150000000000002;8.200000000000003;8.250000000000004;8.300000000000004;8.350000000000005;8.400000000000006;8.450000000000006;8.500000000000007
t_end,1500.0
n_eval,10000
method,RK45
transient_fraction,0.8
